{"name": "lithium1", "z_coef": [1.435124598587402e-09, -4.3348814741614427e-07, 5.2156350487442414e-05, -0.003107190766979779, 0.09145584286510422, 2.988938676108227], "r0_coef": [1.6543485815581432e-13, -1.396314324953787e-10, 4.977472265111824e-08, -6.819295454775623e-06, 0.00034812243660657313, 0.008513118300358618], "q_coef": [2.8304488345207355e-13, -2.584507429004785e-10, 6.232727892141627e-08, -1.33416936631132e-05, -0.0005960663784553936, 3.8661065725628623], "eol": 412, "z": 0.9849991625579134, "Ir": -0.47008999083035513, "h": 0.0092, "M0": 0.0019, "M": 0.0092, "R0": 0.013549369361724628, "R": 0.000283, "Q": 3.8452776103270265, "n": 0.9987, "G": 163.4413, "v0": 4.2, "eod": 3.04, "RC": 3.6572, "R0_init": 0.0112, "ocv": 4.255691164283458, "state": [0.9846246707825963, 0.98184051552616, 4.30295759172297, 4.25180407605628], "filter_len": 25, "accum_z": [0.9688482403372679, 0.9683097351883221, 0.9800511303991217, 0.9673354308342479, 0.9868682488745675, 0.9733758946834211, 0.9796611737561696, 0.9891821314081686, 0.9694423118185751, 0.9757612295907102, 0.9904914285318752, 0.9773815989083126, 0.9779665088935992, 0.9826236713584627, 0.9802759177138003, 0.9901212501042719, 0.9935223703112546, 0.9840535368539729, 0.9933697437110584, 0.9993468018517716, 0.9670100822507807, 0.9846246707825963, 0.9842252041462933, 1.0062859341697572, 0.9758786416756215], "accum_v": [4.21755470949883, 4.230817762601047, 4.223149136192189, 4.267942123227531, 4.211973189539785, 4.283086012723567, 4.224295457989277, 4.232778669328905, 4.294111897923239, 4.225071075976014, 4.233913306223441, 4.312380537370704, 4.253367043760219, 4.244302451930355, 4.25458446093332, 4.2485485519593125, 4.2809232375878326, 4.276024213869078, 4.258204397089057, 4.235731432571092, 4.260196205967776, 4.30295759172297, 4.219366333909294, 4.27849319654479, 4.22532890496738], "idx": 22, "period": 1.0, "_seed": 43, "age": 23.730822313723085, "cycle_time": 3347.0, "avg_load": 3.8695000000001585, "count": 3347, "charging_age_factor": 0.002, "discharging_age_factor": 0.005, "total_load": 3.5975601388891927, "cycle_flag": false, "modified": "16Dec20_08-56-34"}