{"name": "battery1", "z_coef": [1.435124598587402e-09, -4.3348814741614427e-07, 5.2156350487442414e-05, -0.003107190766979779, 0.09145584286510422, 2.988938676108227], "r0_coef": [1.6543485815581432e-13, -1.396314324953787e-10, 4.977472265111824e-08, -6.819295454775623e-06, 0.00034812243660657313, 0.008513118300358618], "q_coef": [2.8304488345207355e-13, -2.584507429004785e-10, 6.232727892141627e-08, -1.33416936631132e-05, -0.0005960663784553936, 3.8661065725628623], "eol": 412, "z": 1.0, "Ir": 0, "h": 0, "M0": 0.0019, "M": 0.0092, "R0": 0.0112, "R": 0.000283, "Q": 3.8695, "n": 0.9987, "G": 163.4413, "v0": 4.2, "eod": 3.04, "RC": 3.6572, "R0_init": 0.0112, "ocv": 4.2, "age": 0.0, "filter_len": 25, "accum_z": [0.0, 0.0, 0.0, 0.0, 0.0, 0.0, 0.0, 0.0, 0.0, 0.0, 0.0, 0.0, 0.0, 0.0, 0.0, 0.0, 0.0, 0.0, 0.0, 0.0, 0.0, 0.0, 0.0, 0.0, 0.0], "accum_v": [0.0, 0.0, 0.0, 0.0, 0.0, 0.0, 0.0, 0.0, 0.0, 0.0, 0.0, 0.0, 0.0, 0.0, 0.0, 0.0, 0.0, 0.0, 0.0, 0.0, 0.0, 0.0, 0.0, 0.0, 0.0], "idx": 0, "state": [1.0, 1.0, 4.2, 4.2], "period": 0.05, "_seed": 43, "cycle_time": 0.0, "avg_load": 0.0, "count": 0, "modified": "14Dec20_11-40-19"}