{"name": "battery1", "z_coef": [1.435124598587402e-09, -4.3348814741614427e-07, 5.2156350487442414e-05, -0.003107190766979779, 0.09145584286510422, 2.988938676108227], "r0_coef": [1.6543485815581432e-13, -1.396314324953787e-10, 4.977472265111824e-08, -6.819295454775623e-06, 0.00034812243660657313, 0.008513118300358618], "q_coef": [2.8304488345207355e-13, -2.584507429004785e-10, 6.232727892141627e-08, -1.33416936631132e-05, -0.0005960663784553936, 3.8661065725628623], "eol": 412, "z": 0.1744868031498218, "Ir": 0.4543768722311065, "h": 0.0092, "M0": 0.0019, "M": 0.0092, "R0": 0.03976264854092741, "R": 0.000283, "Q": 3.324917046951202, "n": 0.9987, "G": 163.4413, "v0": 4.2, "eod": 3.04, "RC": 3.6572, "R0_init": 0.03976264854092741, "ocv": 4.2, "state": [0.16761380393507455, 0.19220581135407488, 3.1399404161896034, 3.1653500116421327], "filter_len": 25, "idx": 0, "accum_z": [0.0, 0.0, 0.0, 0.0, 0.0, 0.0, 0.0, 0.0, 0.0, 0.0, 0.0, 0.0, 0.0, 0.0, 0.0, 0.0, 0.0, 0.0, 0.0, 0.0, 0.0, 0.0, 0.0, 0.0, 0.0], "accum_v": [0.0, 0.0, 0.0, 0.0, 0.0, 0.0, 0.0, 0.0, 0.0, 0.0, 0.0, 0.0, 0.0, 0.0, 0.0, 0.0, 0.0, 0.0, 0.0, 0.0, 0.0, 0.0, 0.0, 0.0, 0.0], "period": 1.0, "_seed": 43, "age": 213.6852436478324, "cycle_time": 0.0, "avg_load": 0.0, "count": 0, "charging_age_factor": 0.002, "discharging_age_factor": 0.005, "total_load": 0.0, "cycle_flag": false, "modified": "18Mar21_13-59-38"}