{"name": "lithium1", "z_coef": [1.435124598587402e-09, -4.3348814741614427e-07, 5.2156350487442414e-05, -0.003107190766979779, 0.09145584286510422, 2.988938676108227], "r0_coef": [1.6543485815581432e-13, -1.396314324953787e-10, 4.977472265111824e-08, -6.819295454775623e-06, 0.00034812243660657313, 0.008513118300358618], "q_coef": [2.8304488345207355e-13, -2.584507429004785e-10, 6.232727892141627e-08, -1.33416936631132e-05, -0.0005960663784553936, 3.8661065725628623], "eol": 412, "z": 0.9832615492415738, "Ir": -0.11408575056769993, "h": 0.009199999999999991, "M0": 0.0019, "M": 0.0092, "R0": 0.0112, "R": 0.000283, "Q": 3.865699062988654, "n": 0.9987, "G": 163.4413, "v0": 4.2, "eod": 3.04, "RC": 3.6572, "R0_init": 0.0112, "ocv": 4.2, "state": [0.9902127803840467, 0.9787559442419161, 4.245563656970045, 4.245074171437859], "filter_len": 25, "idx": 9, "accum_z": [0.9939787669931909, 0.9855750830616634, 0.9914870887730838, 0.9741590738794766, 0.9886750371367197, 0.9873373389143197, 0.9881106099717083, 0.9661429701537185, 0.9902127803840467, 0.9674599565092566, 0.9802222782191596, 0.9804632187931199, 0.9885387506511192, 0.968832722994775, 0.9579517750422785, 0.9811835687207737, 0.9733013302920447, 0.9897869032837706, 0.9758605491604095, 0.9759358688033565, 0.9674207509763665, 0.9710414954802287, 0.9600496190054469, 0.9753159911083558, 0.989855077739512], "accum_v": [4.2428381963036985, 4.233825567424451, 4.295865816622241, 4.232836914651518, 4.251523263918973, 4.269817698741391, 4.238513813883765, 4.245979885732542, 4.245563656970045, 4.2307201310869305, 4.246244938903085, 4.218714322150662, 4.252215794996539, 4.222381457426627, 4.250863087878441, 4.259946601621522, 4.301101333425914, 4.2115649311881596, 4.247057316642904, 4.233772283582915, 4.265792585261247, 4.225594908993976, 4.204260283549279, 4.268558658598069, 4.231300836391594], "period": 1.0, "_seed": 43, "age": 0.7409040306270608, "cycle_time": 3384.0, "avg_load": 3.8695000000001643, "count": 3384, "charging_age_factor": 0.002, "discharging_age_factor": 0.005, "total_load": 0.0, "cycle_flag": false, "modified": "18Mar21_13-59-57"}