{"name": "battery1", "z_coef": [1.435124598587402e-09, -4.3348814741614427e-07, 5.2156350487442414e-05, -0.003107190766979779, 0.09145584286510422, 2.988938676108227], "r0_coef": [1.6543485815581432e-13, -1.396314324953787e-10, 4.977472265111824e-08, -6.819295454775623e-06, 0.00034812243660657313, 0.008513118300358618], "q_coef": [2.8304488345207355e-13, -2.584507429004785e-10, 6.232727892141627e-08, -1.33416936631132e-05, -0.0005960663784553936, 3.8661065725628623], "eol": 412, "z": 0.021274000000677695, "Ir": 0.9095844487659548, "h": 0.009199999999999953, "M0": 0.0019, "M": 0.0092, "R0": 0.0112, "R": 0.000283, "Q": 3.8695, "n": 0.9987, "G": 163.4413, "v0": 4.2, "eod": 3.04, "RC": 3.6572, "R0_init": 0.0112, "ocv": 3.1374367621166064, "state": [0.013040650306060001, 0.023071661302954887, 3.1558323065213263, 3.164794412079941], "filter_len": 25, "idx": 3, "accum_z": [0.048248925042765706, 0.02255189135293121, 0.013040650306060001, 0.03543322837850423, 0.017618022455885923, 0.013996567469892295, 0.017211572656543085, 0.021794209825916372, 0.023473726952174173, 0.027546731709518477, 0.016318916283175673, 0.04298168270947518, 0.02522949301976241, 0.007986108550154102, 0.026018538217048387, 0.020922644525032178, 0.026091809410919292, 0.03049551563065267, 0.02507593398367584, 0.005272781235564482, 0.008887098791271546, 0.02278170119236196, 0.041769046450272206, 0.02164560958222162, 0.01439912684209311], "accum_v": [3.1043651449529848, 3.1488342193880934, 3.1558323065213263, 3.2338210010899684, 3.1436245632992366, 3.2101367412250355, 3.1927936709422067, 3.1748733570252705, 3.172543737980906, 3.133311079282449, 3.185616704387394, 3.170966575351565, 3.1466851572732737, 3.170633317923107, 3.2053559916614325, 3.1838060757023117, 3.1787874647281416, 3.166152355411567, 3.1611443947964517, 3.162443580393831, 3.1842460394282885, 3.162251136993527, 3.095554087488589, 3.1191033385575593, 3.1569782601940144], "period": 1.0, "_seed": 43, "age": 1.8648193145749887, "cycle_time": 3528.0, "avg_load": 3.869500000000186, "count": 3528, "modified": "14Dec20_11-59-35"}