{"name": "battery1", "z_coef": [1.435124598587402e-09, -4.3348814741614427e-07, 5.2156350487442414e-05, -0.003107190766979779, 0.09145584286510422, 2.988938676108227], "r0_coef": [1.6543485815581432e-13, -1.396314324953787e-10, 4.977472265111824e-08, -6.819295454775623e-06, 0.00034812243660657313, 0.008513118300358618], "q_coef": [2.8304488345207355e-13, -2.584507429004785e-10, 6.232727892141627e-08, -1.33416936631132e-05, -0.0005960663784553936, 3.8661065725628623], "eol": 412, "z": 0.9950104120146595, "Ir": -0.27903722074947707, "h": 0.009199999999999991, "M0": 0.0019, "M": 0.0092, "R0": 0.0112, "R": 0.000283, "Q": 3.8643224483875933, "n": 0.9987, "G": 163.4413, "v0": 4.2, "eod": 3.04, "RC": 3.6572, "R0_init": 0.0112, "ocv": 4.263191259398514, "state": [1.001030690606704, 0.9941291287762324, 4.2492581343647355, 4.263765749004835], "filter_len": 25, "idx": 0, "accum_z": [0.0, 0.0, 0.0, 0.0, 0.0, 0.0, 0.0, 0.0, 0.0, 0.0, 0.0, 0.0, 0.0, 0.0, 0.0, 0.0, 0.0, 0.0, 0.0, 0.0, 0.0, 0.0, 0.0, 0.0, 0.0], "accum_v": [0.0, 0.0, 0.0, 0.0, 0.0, 0.0, 0.0, 0.0, 0.0, 0.0, 0.0, 0.0, 0.0, 0.0, 0.0, 0.0, 0.0, 0.0, 0.0, 0.0, 0.0, 0.0, 0.0, 0.0, 0.0], "period": 1.0, "_seed": 43, "age": 2.817760515411931, "cycle_time": 0.0, "avg_load": 0.0, "count": 0, "charging_age_factor": 0.001, "discharging_age_factor": 0.005, "total_load": 0.0, "cycle_flag": false, "modified": "14Dec20_20-21-43"}