{"name": "battery1", "z_coef": [1.435124598587402e-09, -4.3348814741614427e-07, 5.2156350487442414e-05, -0.003107190766979779, 0.09145584286510422, 2.988938676108227], "r0_coef": [1.6543485815581432e-13, -1.396314324953787e-10, 4.977472265111824e-08, -6.819295454775623e-06, 0.00034812243660657313, 0.008513118300358618], "q_coef": [2.8304488345207355e-13, -2.584507429004785e-10, 6.232727892141627e-08, -1.33416936631132e-05, -0.0005960663784553936, 3.8661065725628623], "eol": 412, "z": 0.9789605756645913, "Ir": -0.2753196914335626, "h": 0.0092, "M0": 0.0019, "M": 0.0092, "R0": 0.03972579910409226, "R": 0.000283, "Q": 3.3252594013157823, "n": 0.9987, "G": 163.4413, "v0": 4.2, "eod": 3.04, "RC": 3.6572, "R0_init": 0.0112, "ocv": 4.347654935523499, "state": [0.9872286697065662, 0.9795575524577389, 4.371253927809069, 4.342046877497628], "filter_len": 25, "idx": 17, "accum_z": [0.9829539050857281, 0.9731802865855793, 0.9636620288718136, 0.9936664773776552, 0.9894895813918586, 0.988568742714288, 0.9783214681479352, 0.9838812038437748, 0.9627989735275537, 0.9999331172113469, 0.9927948070401227, 0.9841286149221886, 0.9925088596797433, 0.972595787298052, 0.9855097064310228, 0.9562565174251616, 0.9872286697065662, 0.9826638805098747, 0.9742191127899956, 0.9621576497741963, 0.9775664631363897, 0.9742087106871735, 0.9798892096324784, 0.9891403640948301, 0.96161467355814], "accum_v": [4.34359815746151, 4.389685786527234, 4.322956098853198, 4.340476089874689, 4.349481679100795, 4.349487548471495, 4.347161222386671, 4.331466190036971, 4.331041611485484, 4.3569724348759795, 4.33221278089858, 4.350845186220901, 4.334182982442161, 4.3028630689750615, 4.332068740425417, 4.358065288229371, 4.371253927809069, 4.348577702428209, 4.336948221563838, 4.310431144187727, 4.340411414048435, 4.316971065058163, 4.343043509614837, 4.34630332760897, 4.364666758855927], "period": 1.0, "_seed": 43, "age": 213.68030101195475, "cycle_time": 2492.0, "avg_load": 3.869499999999973, "count": 2492, "charging_age_factor": 0.002, "discharging_age_factor": 0.005, "total_load": 2.67855388888901, "cycle_flag": false, "modified": "16Dec20_08-57-11"}